date,top buy,top sell,kiwi-coin.com (worldwide), kiwi-coin.com (europe),binance.us,coinmarketcap.com
2021-06-12T08:57:29.855Z,49544.05,50681.56,49237.55,49161.61,49393.04,49431
2021-06-12T08:57:35.580Z,49544.05,50681.56,49237.55,49161.61,49393.58,49431
2021-06-12T08:57:41.544Z,49544.05,50681.56,49237.55,49161.61,49393.74,49431
2021-06-12T08:57:47.262Z,49544.05,50681.56,49237.55,49161.61,49393.79,49431
2021-06-12T08:57:52.983Z,49544.05,50681.56,49237.55,49161.61,49393.79,49431
2021-06-12T08:57:58.924Z,49544.05,50681.56,49237.55,49161.61,49393.79,49431
2021-06-12T08:58:04.900Z,49544.05,50714.17,49237.55,49161.61,49394.31,49431
2021-06-12T08:58:10.705Z,49544.05,50714.17,49237.55,49161.61,49396.36,49431
2021-06-12T08:58:16.691Z,49544.05,50714.17,49237.55,49161.61,49396.67,49431
2021-06-12T08:58:22.652Z,49544.05,50714.17,49237.55,49161.61,49397,49431
2021-06-12T08:58:28.463Z,49544.05,50714.17,49237.55,49161.61,49397.09,49412.09
2021-06-12T08:58:34.280Z,49544.05,50714.17,49237.55,49161.61,49397.89,49412.09
2021-06-12T08:58:40.244Z,49544.05,50714.17,49237.55,49161.61,49397.89,49412.09
2021-06-12T08:58:46.186Z,49544.05,50714.17,49237.55,49161.61,49398.08,49412.09
2021-06-12T08:58:51.970Z,49544.05,50714.17,49237.55,49161.61,49398.08,49412.09
2021-06-12T08:58:57.694Z,49544.05,50714.17,49237.55,49161.61,49398.08,49412.09
2021-06-12T08:59:03.423Z,49544.05,50714.17,49237.55,49161.61,49406.29,49412.09
2021-06-12T08:59:09.204Z,49544.05,50714.17,49237.55,49161.61,49408.09,49412.09
2021-06-12T08:59:15.062Z,49544.05,50721.14,49244.31,49161.61,49408.16,49412.09
2021-06-12T08:59:20.793Z,49544.05,50721.14,49244.31,49161.61,49408.16,49412.09
2021-06-12T08:59:26.647Z,49544.05,50721.14,49244.31,49161.61,49407.99,49412.09
2021-06-12T08:59:32.620Z,49544.05,50721.14,49244.31,49161.61,49407.99,49458.26
2021-06-12T08:59:38.399Z,49544.05,50721.14,49244.31,49161.61,49407.99,49458.26
2021-06-12T08:59:44.126Z,49544.05,50721.14,49244.31,49161.61,49407.99,49458.26
2021-06-12T08:59:50.303Z,49544.05,50721.14,49244.31,49164.08,49407.99,49458.26
2021-06-12T08:59:56.082Z,49544.05,50721.14,49244.31,49164.08,49406.47,49458.26
2021-06-12T09:00:01.870Z,49544.05,50721.14,49244.31,49164.08,49406.18,49458.26
2021-06-12T09:00:07.857Z,49544.05,50721.14,49244.31,49164.08,49408.61,49458.26
2021-06-12T09:00:13.595Z,49544.05,50721.14,49244.31,49164.08,49408.11,49458.26
2021-06-12T09:00:19.311Z,49544.05,50721.14,49244.31,49164.08,49408.12,49458.26
2021-06-12T09:00:25.152Z,49544.05,50721.14,49244.31,49164.08,49408.11,49458.26
2021-06-12T09:00:30.868Z,49544.05,50721.14,49244.31,49164.08,49408.11,49458.26
2021-06-12T09:00:36.588Z,49544.05,50721.14,49244.31,49164.08,49407.08,49458.26
2021-06-12T09:00:42.537Z,49544.05,50721.14,49244.31,49164.08,49407.13,49388.12
2021-06-12T09:00:48.480Z,49544.05,50721.14,49244.31,49164.08,49407.13,49388.12
2021-06-12T09:00:54.212Z,49544.05,50721.14,49244.31,49164.08,49405.24,49388.12
2021-06-12T09:00:59.955Z,49544.05,50721.14,49201.64,49164.08,49405.24,49388.12
2021-06-12T09:01:05.675Z,49544.05,50721.14,49201.64,49164.08,49405.76,49388.12
2021-06-12T09:01:11.477Z,49544.05,50721.14,49201.64,49164.08,49405.39,49388.12
2021-06-12T09:01:17.418Z,49544.05,50721.14,49201.64,49164.08,49405.14,49388.12
2021-06-12T09:01:23.224Z,49544.05,50721.14,49201.64,49164.08,49405.14,49388.12
2021-06-12T09:01:29.171Z,49544.05,50721.14,49201.64,49164.08,49404.85,49388.12
2021-06-12T09:01:34.915Z,49544.05,50721.14,49201.64,49164.08,49401.66,49388.12
2021-06-12T09:01:40.862Z,49544.05,50721.14,49201.64,49164.08,49362.79,49398.91
2021-06-12T09:01:46.824Z,49544.05,50721.14,49201.64,49164.08,49361.32,49398.91
2021-06-12T09:01:52.545Z,49544.05,50721.14,49201.64,49164.08,49359.48,49398.91
2021-06-12T09:01:58.279Z,49544.05,50721.14,49201.64,49164.08,49359.26,49398.91
2021-06-12T09:02:04.006Z,49544.05,50721.14,49201.64,49164.08,49358.73,49398.91
2021-06-12T09:02:10.058Z,49544.05,50677.19,49201.64,49023.94,49357.35,49398.91
2021-06-12T09:02:16.004Z,49544.05,50677.19,49201.64,49023.94,49275.26,49398.91
2021-06-12T09:02:21.795Z,49544.05,50677.19,49201.64,49023.94,49272.09,49398.91
2021-06-12T09:02:27.586Z,49544.05,50677.19,49201.64,49023.94,49270.99,49398.91
2021-06-12T09:02:33.317Z,49544.05,50677.19,49201.64,49023.94,49270.96,49398.91
2021-06-12T09:02:39.270Z,49544.05,50677.19,49201.64,49023.94,49268.32,49306.91
2021-06-12T09:02:45.238Z,49544.05,50677.19,49201.64,49023.94,49268.11,49306.91
2021-06-12T09:02:50.964Z,49544.05,50677.19,49201.64,49023.94,49267.97,49306.91
2021-06-12T09:02:56.691Z,49544.05,50677.19,49201.64,49023.94,49275.23,49306.91
2021-06-12T09:03:02.636Z,49544.05,50677.19,49201.64,49023.94,49280.96,49306.91
2021-06-12T09:03:08.356Z,49544.05,50677.19,49201.64,49023.94,49280.96,49306.91
2021-06-12T09:03:14.075Z,49544.05,50677.19,49201.64,49023.94,49280.82,49306.91
2021-06-12T09:04:07.407Z,49544.05,50499.62,49029.24,49023.94,49282.11,49279.7
2021-06-12T09:04:13.143Z,49544.05,50499.62,49029.24,49023.94,49282.98,49279.7
2021-06-12T09:04:18.875Z,49544.05,50499.62,49029.24,49023.94,49282.99,49279.7
2021-06-12T09:04:24.625Z,49544.05,50499.62,49029.24,49023.94,49283.8,49279.7
2021-06-12T09:04:30.644Z,49544.05,50499.62,49029.24,49023.94,49284.16,49448.23
2021-06-12T09:04:36.611Z,49544.05,50499.62,49029.24,49023.94,49284.32,49448.23
2021-06-12T09:04:44.490Z,49544.05,50499.62,49029.24,49239.2,49284.33,49448.23
2021-06-12T19:45:10.095Z,49795.23,52500.02,50306.25,50283.62,50151.23,50173.54
2021-06-12T19:45:16.049Z,49795.23,52500.02,50306.25,50283.62,50152.24,50173.54
2021-06-12T19:45:21.775Z,49795.23,52500.02,50306.25,50283.62,50152.24,50173.54
2021-06-12T19:45:27.498Z,49795.23,52500.02,50306.25,50283.62,50152.12,50173.54
2021-06-12T19:45:33.449Z,49795.23,52500.02,50306.25,50283.62,50152.12,50187.16
2021-06-12T19:45:39.214Z,49795.23,52500.02,50306.25,50283.62,50152.12,50187.16
2021-06-12T19:45:48.437Z,49795.23,52500.02,50306.25,50283.62,50152.12,50187.16
2021-06-12T19:45:54.147Z,49795.23,52500.02,50306.25,50283.62,50152.12,50187.16
2021-06-12T19:46:00.091Z,49795.23,52500.02,50306.25,50283.62,50154.23,50187.16
2021-06-12T19:46:05.852Z,49795.23,52500.02,50306.25,50283.62,50166.47,50187.16
2021-06-12T19:46:11.591Z,49795.23,52500.02,50306.25,50283.62,50166.47,50187.16
2021-06-12T19:46:17.308Z,49795.23,52500.02,50306.25,50283.62,50166.47,50187.16
2021-06-12T19:46:26.446Z,49795.23,52500.02,50306.25,50283.62,50166.47,50187.16
2021-06-12T19:46:32.160Z,49795.23,52500.02,50306.25,50283.62,50166.47,50219.08
2021-06-12T19:46:37.924Z,49795.23,52500.02,50306.25,50283.62,50167.19,50219.08
2021-06-12T19:46:43.648Z,49544.05,52500.02,50306.25,50283.62,50168.57,50219.08
2021-06-12T19:46:49.384Z,49544.05,52500.02,50306.25,50283.62,50168.57,50219.08
2021-06-12T19:46:55.097Z,49544.05,52500.02,50306.25,50283.62,50168.68,50219.08
2021-06-12T19:47:04.378Z,49544.05,52500.02,50306.25,50283.62,50169.67,50219.08
2021-06-12T19:47:10.139Z,49544.05,52500.02,50306.25,50283.62,50170.36,50219.08
2021-06-12T19:47:15.862Z,49544.05,52500.02,50306.25,50283.62,50170.38,50219.08
2021-06-12T19:47:21.577Z,49544.05,52500.02,50306.25,50283.62,50170.77,50219.08
2021-06-12T19:47:27.296Z,49544.05,52500.02,50306.25,50283.62,50170.77,50219.08
2021-06-12T19:47:33.049Z,49544.05,52500.02,50306.25,50283.62,50170.8,50221.63
2021-06-12T19:47:44.218Z,49544.05,52500.02,50306.25,50283.62,50170.8,50221.63
2021-06-12T19:47:49.949Z,49544.05,52500.02,50306.25,50283.62,50170.46,50221.63
2021-06-12T19:47:55.889Z,49544.05,52500.02,50306.25,50283.62,50170.34,50221.63
2021-06-12T19:48:01.605Z,49544.05,52500.02,50306.25,50283.62,50166.96,50221.63
2021-06-12T19:48:07.367Z,49544.05,52500.02,50306.25,50283.62,50166.99,50221.63
2021-06-12T19:48:13.080Z,49544.05,52500.02,50306.25,50283.62,50167.04,50221.63
2021-06-12T19:48:23.856Z,49544.05,52500.02,50306.25,50283.62,50166.92,50221.63
2021-06-12T19:48:29.628Z,49544.05,52500.02,50306.25,50283.62,50166.91,50221.63
2021-06-12T19:48:35.346Z,49544.05,52500.02,50306.25,50283.62,50183.51,50221.63
2021-06-12T19:48:41.065Z,49544.05,52500.02,50306.25,50283.62,50183.79,50167.41
2021-06-12T19:48:47.025Z,49544.05,52500.02,50306.25,50283.62,50183.59,50167.41
2021-06-12T19:48:55.159Z,49544.05,52500.02,50306.25,50283.62,50183.59,50167.41
2021-06-12T19:49:03.192Z,49544.05,52500.02,50306.25,50283.62,50184.38,50167.41
2021-06-12T19:49:08.944Z,49544.05,52500.02,50306.25,50283.62,50184.3,50167.41
2021-06-12T19:49:14.661Z,49544.05,52500.02,50306.25,50283.62,50183.66,50167.41
2021-06-12T19:49:20.439Z,49544.05,52500.02,50306.25,50283.62,50183.66,50167.41
2021-06-12T19:49:27.587Z,49544.05,52500.02,50306.25,50283.62,50183.66,50167.41
2021-06-12T19:49:33.315Z,49544.05,52500.02,50306.25,50283.62,50183.81,50167.41
2021-06-12T19:49:40.549Z,49544.05,52500.02,50306.25,50283.62,50183.71,50181.98
2021-06-12T19:49:46.262Z,49544.05,52500.02,50306.25,50283.62,50183.65,50181.98
2021-06-12T19:49:51.977Z,49544.05,52500.02,50306.25,50283.62,50183.65,50181.98
2021-06-12T19:49:57.692Z,49544.05,52500.02,50306.25,50283.62,50183.27,50181.98
2021-06-12T19:50:04.950Z,49544.05,52500.02,50306.25,50283.62,50182.06,50181.98
2021-06-12T19:50:10.939Z,49544.05,52500.02,50306.25,50283.62,50181.43,50181.98
2021-06-12T19:50:18.018Z,49544.05,52500.02,50306.25,50283.62,50181.43,50181.98
2021-06-12T19:50:23.822Z,49544.05,52500.02,50306.25,50283.62,50180.67,50181.98
2021-06-12T19:50:29.544Z,49544.05,52500.02,50306.25,50283.62,50180.67,50181.98
2021-06-12T19:50:35.267Z,49544.05,52500.02,50306.25,50283.62,50180.53,50181.98
2021-06-12T19:50:42.410Z,49544.05,52500.02,50306.25,50283.62,50180.46,50135.2
2021-06-12T19:50:48.122Z,49544.05,52500.02,50306.25,50283.62,50180.02,50135.2
2021-06-12T19:50:56.889Z,49544.05,52500.02,50306.25,50283.62,50179.61,50135.2
2021-06-12T19:51:02.609Z,49544.05,52500.02,50306.25,50283.62,50179.61,50135.2
2021-06-12T19:51:08.484Z,49544.05,52500.02,50306.25,50283.62,50179.61,50135.2
2021-06-12T19:51:14.982Z,49544.05,52500.02,50306.25,50283.62,50161.82,50135.2
2021-06-12T19:51:20.765Z,49544.05,52500.02,50306.25,50283.62,50161.82,50135.2
2021-06-12T19:51:26.482Z,49544.05,52500.02,50306.25,50283.62,50161.87,50135.2
2021-06-12T19:51:33.721Z,49544.05,52500.02,50306.25,50283.62,50161.87,50135.2
2021-06-12T19:51:39.681Z,49544.05,52500.02,50306.25,50283.62,50161.69,50157.8
2021-06-12T19:51:45.402Z,49544.05,52500.02,50306.25,50283.62,50161.69,50157.8
2021-06-12T19:51:53.126Z,49544.05,52500.02,50306.25,50283.62,50159.15,50157.8
2021-06-12T19:51:58.849Z,49544.05,52500.02,50306.25,50283.62,50159.15,50157.8
2021-06-12T19:52:10.368Z,49544.05,52500.02,50306.25,50283.62,50156.29,50157.8
2021-06-12T19:52:16.092Z,49544.05,52500.02,50306.25,50283.62,50154.52,50157.8
2021-06-12T19:52:21.881Z,49544.05,52500.02,50306.25,50283.62,50154.79,50157.8
2021-06-12T19:52:28.520Z,49544.05,52500.02,50306.25,50283.62,50152.99,50157.8
2021-06-12T19:52:34.298Z,49544.05,52500.02,50306.25,50283.62,50152.98,50161.02
2021-06-12T19:52:40.049Z,49544.05,52500.02,50306.25,50283.62,50152.98,50161.02
2021-06-12T19:52:48.961Z,49544.05,52500.02,50306.25,50283.62,50152.93,50161.02
2021-06-12T19:52:54.911Z,49544.05,52500.02,50306.25,50283.62,50152.93,50161.02
2021-06-12T19:53:02.076Z,49544.05,52500.02,50306.25,50283.62,50152.93,50161.02
2021-06-12T19:53:07.871Z,49544.05,52500.02,50306.25,50283.62,50159.11,50161.02
2021-06-12T19:53:13.597Z,49544.05,52500.02,50306.25,50283.62,50159.11,50161.02
2021-06-12T19:53:19.576Z,49544.05,52500.02,50306.25,50283.62,50156.13,50161.02
2021-06-12T19:53:26.509Z,49544.05,52500.02,50306.25,50283.62,50154.69,50161.02
2021-06-12T19:53:32.229Z,49544.05,52500.02,50306.25,50283.62,50154.69,50162.26
2021-06-12T19:53:39.882Z,49544.05,52500.02,50306.25,50283.62,50146.13,50162.26
2021-06-12T19:53:45.831Z,49544.05,52500.02,50306.25,50283.62,50141.14,50162.26
2021-06-12T19:53:51.555Z,49544.05,52500.02,50306.25,50283.62,50138.92,50162.26
2021-06-12T19:54:00.739Z,49544.05,52500.02,50306.25,50283.62,50138.35,50162.26
2021-06-12T19:54:06.533Z,49544.05,52500.02,50306.25,50283.62,50137.65,50162.26
2021-06-12T19:54:13.437Z,49544.05,52500.02,50306.25,50283.62,50137.54,50162.26
2021-06-12T19:54:19.387Z,49544.05,52500.02,50306.25,50283.62,50135.42,50162.26
2021-06-12T19:54:25.191Z,49544.05,52500.02,50306.25,50283.62,50135.42,50162.26
2021-06-12T19:54:30.920Z,49544.05,52500.02,50306.25,50283.62,50135.06,50130.47
2021-06-12T19:54:38.244Z,49544.05,52500.02,50306.25,50283.62,50126.36,50130.47
2021-06-12T19:54:56.384Z,49544.05,52500.02,50306.25,50283.62,50126.36,50130.47
2021-06-12T19:55:02.243Z,49544.05,52500.02,50306.25,50283.62,50126.14,50130.47
2021-06-12T19:55:07.969Z,49544.05,52500.02,50306.25,50283.62,50125.79,50130.47
2021-06-12T19:55:13.694Z,49544.05,52500.02,50306.25,50283.62,50125.79,50130.47
2021-06-12T19:55:19.415Z,49544.05,52500.02,50306.25,50283.62,50125.77,50130.47
2021-06-12T19:55:25.142Z,49544.05,52500.02,50306.25,50283.62,50125.77,50130.47
2021-06-12T19:55:33.969Z,49544.05,52500.02,50306.25,50283.62,50125.58,50114.61
2021-06-12T19:55:39.909Z,49544.05,52500.02,50306.25,50283.62,50125.59,50114.61
2021-06-12T19:55:45.632Z,49544.05,52500.02,50306.25,50283.62,50125.59,50114.61
2021-06-12T19:55:51.358Z,49544.05,52500.02,50306.25,50283.62,50125.59,50114.61
2021-06-12T19:55:57.319Z,49544.05,52500.02,50306.25,50283.62,50125.59,50114.61
2021-06-12T19:56:03.412Z,49544.05,52500.02,50306.25,50283.62,50125.46,50114.61
2021-06-12T19:56:15.104Z,49544.05,52500.02,50306.25,50283.62,50125.64,50114.61
2021-06-12T19:56:20.827Z,49544.05,52500.02,50306.25,50283.62,50126.02,50114.61
2021-06-12T19:56:26.775Z,49544.05,52500.02,50306.25,50283.62,50126.02,50114.61
2021-06-12T19:56:32.571Z,49544.05,52500.02,50306.25,50283.62,50128.29,50114.61
2021-06-12T19:56:38.520Z,49544.05,52500.02,50306.25,50283.62,50133.48,50120.93
2021-06-12T19:56:45.166Z,49544.05,52500.02,50306.25,50283.62,50135.49,50120.93
2021-06-12T19:56:52.160Z,49544.05,52500.02,50306.25,50283.62,50138.92,50120.93
2021-06-12T19:56:57.884Z,49544.05,52500.02,50306.25,50283.62,50138.92,50120.93
2021-06-12T19:57:03.682Z,49544.05,52500.02,50306.25,50283.62,50141.2,50120.93
2021-06-12T19:57:09.409Z,49544.05,52500.02,50306.25,50283.62,50142.13,50120.93
2021-06-12T19:57:15.133Z,49544.05,52500.02,50306.25,50283.62,50143.24,50120.93
2021-06-12T19:57:23.944Z,49544.05,52500.02,50306.25,50283.62,50143.7,50120.93
2021-06-12T19:57:30.650Z,49544.05,52500.02,50306.25,50283.62,50143.7,50120.93
2021-06-12T19:57:36.736Z,49544.05,52500.02,50306.25,50283.62,50143.86,50120.93
2021-06-12T19:57:42.462Z,49544.05,52500.02,50306.25,50283.62,50143.91,50168.5
2021-06-12T19:57:48.185Z,49544.05,52500.02,50306.25,50283.62,50143.91,50168.5
2021-06-12T19:57:53.900Z,49544.05,52500.02,50306.25,50283.62,50143.91,50168.5
2021-06-12T19:58:01.684Z,49544.05,52500.02,50306.25,50283.62,50143.92,50168.5
2021-06-12T19:58:10.008Z,49544.05,52500.02,50306.25,50283.62,50142.47,50168.5
2021-06-12T19:58:15.735Z,49544.05,52500.02,50306.25,50283.62,50142.46,50168.5
2021-06-12T19:58:21.453Z,49544.05,52500.02,50306.25,50283.62,50142.45,50168.5
2021-06-12T19:58:27.197Z,49544.05,52500.02,50306.25,50283.62,50142.45,50168.5
2021-06-12T19:58:33.591Z,49544.05,52500.02,50306.25,50283.62,50142.29,50158.19
2021-06-12T19:58:39.361Z,49544.05,52500.02,50306.25,50283.62,50142.68,50158.19
2021-06-12T19:58:48.885Z,49544.05,52500.02,50306.25,50283.62,50143.69,50158.19
2021-06-12T19:58:54.610Z,49544.05,52500.02,50306.25,50283.62,50143.69,50158.19
2021-06-12T19:59:00.468Z,49544.05,52500.02,50306.25,50283.62,50144.05,50158.19
2021-06-12T19:59:07.605Z,49544.05,52500.02,50306.25,50283.62,50144.05,50158.19
2021-06-12T19:59:13.334Z,49544.05,52500.02,50306.25,50283.62,50144.28,50158.19
2021-06-12T19:59:19.281Z,49544.05,52500.02,50306.25,50283.62,50144.28,50158.19
2021-06-12T19:59:28.072Z,49544.05,52500.02,50306.25,50283.62,50144.34,50158.19
2021-06-12T19:59:34.096Z,49544.05,52500.02,50306.25,50283.62,50144.42,50158.19
2021-06-12T19:59:40.539Z,49544.05,52500.02,50306.25,50283.62,50143.3,50163.38
2021-06-12T19:59:46.267Z,49544.05,52500.02,50306.25,50283.62,50143.3,50163.38
2021-06-12T19:59:51.989Z,49544.05,52500.02,50306.25,50283.62,50143.08,50163.38
2021-06-12T19:59:57.782Z,49544.05,52500.02,50306.25,50283.62,50143.08,50163.38
2021-06-12T20:00:07.224Z,49544.05,52500.02,50306.25,50152.31,50148.34,50163.38
2021-06-12T20:00:12.950Z,49544.05,52500.02,50170.66,50152.31,50150.04,50163.38
2021-06-12T20:00:18.684Z,49544.05,52500.02,50170.66,50152.31,50150.13,50163.38
2021-06-12T20:00:24.422Z,49544.05,52500.02,50170.66,50152.31,50150.13,50163.38
2021-06-12T20:00:30.219Z,49544.05,52500.02,50170.66,50152.31,50150.13,50150.39
2021-06-12T20:00:35.994Z,49544.05,52500.02,50170.66,50152.31,50150.13,50150.39
2021-06-12T20:00:41.721Z,49544.05,52500.02,50170.66,50152.31,50153.66,50150.39
2021-06-12T20:00:47.440Z,49544.05,52500.02,50170.66,50152.31,50153.66,50150.39
2021-06-12T20:00:53.267Z,49544.05,52500.02,50170.66,50152.31,50153.66,50150.39
2021-06-12T20:00:59.003Z,49544.05,52500.02,50170.66,50152.31,50154.41,50150.39
2021-06-12T20:01:04.749Z,49544.05,52500.02,50170.66,50152.31,50154.42,50150.39
2021-06-12T20:01:10.470Z,49544.05,52500.02,50170.66,50152.31,50154.42,50150.39
2021-06-12T20:01:16.197Z,49544.05,52500.02,50170.66,50152.31,50154.42,50150.39
2021-06-12T20:01:21.928Z,49544.05,52500.02,50170.66,50152.31,50165.81,50150.39
2021-06-12T20:01:27.743Z,49544.05,52500.02,50170.66,50152.31,50166.79,50150.39
2021-06-12T20:01:33.474Z,49544.05,52500.02,50170.66,50152.31,50166.79,50212.52
2021-06-12T20:01:39.200Z,49544.05,52500.02,50170.66,50152.31,50165.55,50212.52
2021-06-12T20:01:44.921Z,49544.05,52500.02,50170.66,50152.31,50165.55,50212.52
2021-06-12T20:01:50.720Z,49544.05,52500.02,50170.66,50152.31,50171.54,50212.52
2021-06-12T20:01:56.441Z,49544.05,52500.02,50170.66,50152.31,50171.54,50212.52
2021-06-12T20:02:02.167Z,49544.05,52500.02,50170.66,50152.31,50171.54,50212.52
2021-06-12T20:02:07.890Z,49544.05,52500.02,50170.66,50152.31,50171.28,50212.52
2021-06-12T20:02:13.609Z,49544.05,52500.02,50170.66,50152.31,50171.23,50212.52
2021-06-12T20:02:19.552Z,49544.05,52500.02,50170.66,50152.31,50171.23,50212.52
2021-06-12T20:02:26.822Z,49544.05,52500.02,50170.66,50213.15,50170.32,50212.52
2021-06-12T20:02:32.785Z,49544.05,52500.02,50233.52,50213.15,50170.38,50226.47
2021-06-12T20:02:38.501Z,49544.05,52500.02,50233.52,50213.15,50171.26,50226.47
2021-06-12T20:02:44.218Z,49544.05,52500.02,50233.52,50213.15,50171.29,50226.47
2021-06-12T20:02:50.015Z,49544.05,52500.02,50233.52,50213.15,50171.74,50226.47
2021-06-12T20:02:55.740Z,49544.05,52500.02,50233.52,50213.15,50171.79,50226.47
2021-06-12T20:03:01.017Z,49544.05,52500.02,50233.52,50213.15,50171.79,50226.47
2021-06-12T20:03:06.752Z,49544.05,52500.02,50233.52,50213.15,50171.79,50226.47
2021-06-12T20:03:12.475Z,49544.05,52500.02,50233.52,50213.15,50178.19,50226.47
2021-06-12T20:03:18.203Z,49544.05,52500.02,50233.52,50213.15,50182.84,50226.47
2021-06-12T20:03:24.003Z,49544.05,52500.02,50233.52,50213.15,50182.93,50226.47
2021-06-12T20:03:30.011Z,49544.05,52500.02,50233.52,50213.15,50182.93,50218.62
2021-06-12T20:03:35.741Z,49544.05,52500.02,50233.52,50213.15,50182.93,50218.62
2021-06-12T20:03:41.483Z,49544.05,52500.02,50233.52,50213.15,50182.93,50218.62
2021-06-12T20:03:47.504Z,49544.05,52500.02,50233.52,50213.15,50183.12,50218.62
2021-06-12T20:03:53.226Z,49544.05,52500.02,50233.52,50213.15,50183.12,50218.62
2021-06-12T20:03:58.555Z,49544.05,52500.02,50233.52,50213.15,50183.58,50218.62
2021-06-12T20:04:04.275Z,49544.05,52500.02,50233.52,50213.15,50184.18,50218.62
2021-06-12T20:04:10.088Z,49544.05,52500.02,50233.52,50213.15,50184.18,50218.62
2021-06-12T20:04:15.822Z,49544.05,52500.02,50213.63,50213.15,50184.84,50218.62
2021-06-12T20:04:21.771Z,49544.05,52500.02,50213.63,50213.15,50184.84,50218.62
2021-06-12T20:04:27.559Z,49544.05,52500.02,50213.63,50213.15,50184.84,50218.62
2021-06-12T20:04:33.277Z,49544.05,52500.02,50213.63,50213.15,50185.12,50215.84
2021-06-12T20:04:39.003Z,49544.05,52500.02,50213.63,50213.15,50185.13,50215.84
2021-06-12T20:04:46.867Z,49544.05,52500.02,50213.63,50197.03,50207.48,50215.84
2021-06-12T20:04:52.674Z,49544.05,52500.02,50213.63,50197.03,50212.67,50215.84
2021-06-12T20:04:58.405Z,49544.05,52500.02,50213.63,50197.03,50212.31,50215.84
2021-06-12T20:05:04.147Z,49544.05,52500.02,50213.63,50197.03,50212.31,50215.84
2021-06-12T20:05:10.107Z,49544.05,52500.02,50213.63,50197.03,50212.31,50215.84
2021-06-12T20:05:15.829Z,49544.05,52500.02,50213.63,50197.03,50213.76,50215.84
2021-06-12T20:05:21.553Z,49544.05,52500.02,50213.63,50197.03,50213.74,50215.84
2021-06-12T20:05:27.356Z,49544.05,52500.02,50213.63,50197.03,50213.68,50215.84
2021-06-12T20:05:33.296Z,49544.05,52500.02,50213.63,50197.03,50212.52,50215.84
2021-06-12T20:05:39.262Z,49544.05,52500.02,50213.63,50197.03,50212.52,50191.39
2021-06-12T20:05:44.990Z,49544.05,52500.02,50213.63,50197.03,50212.52,50191.39
2021-06-12T20:05:50.790Z,49544.05,52500.02,50213.63,50197.03,50240.17,50191.39
2021-06-12T20:05:56.511Z,49544.05,52500.02,50213.63,50197.03,50240.74,50191.39
2021-06-12T20:06:02.246Z,49544.05,52500.02,50213.63,50197.03,50242.03,50191.39
2021-06-12T20:06:08.199Z,49544.05,52500.02,50213.63,50197.03,50242.03,50191.39
2021-06-12T20:06:14.239Z,49544.05,52500.02,50213.63,50197.03,50242.03,50191.39
2021-06-12T20:06:19.960Z,49544.05,52500.02,50213.63,50197.03,50242.03,50191.39
2021-06-12T20:06:25.766Z,49544.05,52500.02,50213.63,50197.03,50242.03,50191.39
2021-06-12T20:06:31.716Z,49544.05,52500.02,50213.63,50197.03,50248.59,50191.39
2021-06-12T20:06:37.449Z,49544.05,52500.02,50216.89,50197.03,50268.37,50191.39
2021-06-12T20:06:43.170Z,49544.05,52500.02,50216.89,50197.03,50268.61,50273.6
2021-06-12T20:06:48.963Z,49544.05,52500.02,50216.89,50197.03,50269.25,50273.6
2021-06-12T20:06:54.688Z,49544.05,52500.02,50216.89,50197.03,50269.25,50273.6
2021-06-12T20:07:00.412Z,49544.05,52500.02,50216.89,50197.03,50269.25,50273.6
2021-06-12T20:07:08.600Z,49544.05,52500.02,50216.89,50338.44,50269.25,50273.6
2021-06-12T20:07:14.337Z,49544.05,52500.02,50216.89,50338.44,50273.58,50273.6
2021-06-12T20:07:20.059Z,49544.05,52500.02,50216.89,50338.44,50273.66,50273.6
2021-06-12T20:07:25.856Z,49544.05,52500.02,50216.89,50338.44,50273.69,50273.6
2021-06-12T20:07:31.581Z,49544.05,52500.02,50216.89,50338.44,50273.73,50329.89
2021-06-12T20:07:37.580Z,49544.05,52500.02,50216.89,50338.44,50273.98,50329.89
2021-06-12T20:07:43.303Z,49544.05,52500.02,50216.89,50338.44,50273.98,50329.89
2021-06-12T20:07:49.127Z,49544.05,52500.02,50216.89,50338.44,50274.03,50329.89
2021-06-12T20:07:54.852Z,49544.05,52500.02,50216.89,50338.44,50274.17,50329.89
2021-06-12T20:08:00.570Z,49544.05,52500.02,50216.89,50338.44,50274.17,50329.89
2021-06-12T20:08:06.519Z,49544.05,52500.02,50216.89,50338.44,50276.29,50329.89
2021-06-12T20:08:12.242Z,49544.05,52500.02,50216.89,50338.44,50278.51,50329.89
2021-06-12T20:08:18.190Z,49544.05,52500.02,50216.89,50338.44,50278.87,50329.89
2021-06-12T20:08:23.996Z,49544.05,52500.02,50343.15,50338.44,50283.97,50329.89
2021-06-12T20:08:29.717Z,49544.05,52500.02,50343.15,50338.44,50284.17,50329.36
2021-06-12T20:08:35.437Z,49544.05,52500.02,50343.15,50338.44,50284.17,50329.36
2021-06-12T20:08:41.156Z,49544.05,52500.02,50343.15,50338.44,50284.17,50329.36
2021-06-12T20:08:46.878Z,49544.05,52500.02,50343.15,50338.44,50286.44,50329.36
2021-06-12T20:08:52.670Z,49544.05,52500.02,50343.15,50338.44,50286.44,50329.36
2021-06-12T20:08:58.404Z,49544.05,52500.02,50343.15,50338.44,50286.77,50329.36
2021-06-12T20:09:04.127Z,49544.05,52500.02,50343.15,50338.44,50291.99,50329.36
2021-06-12T20:09:09.844Z,49544.05,52500.02,50343.15,50338.44,50291.99,50329.36
2021-06-12T20:09:15.790Z,49544.05,52500.02,50343.15,50338.44,50291.99,50329.36
2021-06-12T20:09:21.570Z,49544.05,52500.02,50343.15,50338.44,50292.74,50329.36
2021-06-12T20:09:29.950Z,49544.05,52500.02,50343.15,50309.44,50292.79,50329.36
2021-06-12T20:09:35.694Z,49544.05,52500.02,50343.15,50309.44,50292.79,50312.52
2021-06-12T20:09:41.442Z,49544.05,52500.02,50343.15,50309.44,50293.35,50312.52
2021-06-12T20:09:47.400Z,49544.05,52500.02,50343.15,50309.44,50293.98,50312.52
2021-06-12T20:09:53.190Z,49544.05,52500.02,50343.15,50309.44,50294.13,50312.52
2021-06-12T20:09:59.138Z,49544.05,52500.02,50343.15,50309.44,50294.13,50312.52
2021-06-12T20:10:04.858Z,49544.05,52500.02,50343.15,50309.44,50294.89,50312.52
2021-06-12T20:10:10.819Z,49544.05,52500.02,50343.15,50309.44,50296.99,50312.52
2021-06-12T20:10:16.770Z,49544.05,52500.02,50343.15,50309.44,50296.99,50312.52
2021-06-12T20:10:22.554Z,49544.05,52500.02,50343.15,50309.44,50296.99,50312.52
2021-06-12T20:10:28.274Z,49544.05,52500.02,50343.15,50309.44,50298.52,50312.52
2021-06-12T20:10:34.228Z,49544.05,52500.02,50343.15,50309.44,50301.33,50312.52
2021-06-12T20:10:40.178Z,49544.05,52500.02,50343.15,50309.44,50302.53,50312.52
2021-06-12T20:10:46.023Z,49544.05,52500.02,50325.58,50309.44,50302.53,50312.52
2021-06-12T20:10:51.815Z,49544.05,52500.02,50325.58,50309.44,50315.83,50312.52
2021-06-12T20:10:57.536Z,49544.05,52500.02,50325.58,50309.44,50315.83,50312.52
2021-06-12T20:11:03.254Z,49544.05,52500.02,50325.58,50309.44,50330.47,50314.12
2021-06-12T20:11:08.971Z,49544.05,52500.02,50325.58,50309.44,50330.47,50314.12
2021-06-12T20:11:14.697Z,49544.05,52500.02,50325.58,50309.44,50330.46,50314.12
2021-06-12T20:11:20.763Z,49544.05,52500.02,50325.58,50309.44,50330.46,50314.12
2021-06-12T20:11:26.554Z,49544.05,52500.02,50325.58,50309.44,50330.46,50314.12
2021-06-12T20:11:32.275Z,49544.05,52500.02,50325.58,50309.44,50332.09,50314.12
2021-06-12T20:11:38.005Z,49544.05,52500.02,50325.58,50309.44,50332.09,50314.12
2021-06-12T20:11:43.725Z,49544.05,52500.02,50325.58,50309.44,50332.09,50314.12
2021-06-12T20:11:51.587Z,49544.05,52500.02,50325.58,50334.73,50327.92,50314.12
2021-06-12T20:11:57.335Z,49544.05,52500.02,50325.58,50334.73,50327.79,50314.12
2021-06-12T20:12:03.285Z,49544.05,52500.02,50325.58,50334.73,50327.79,50314.12
2021-06-12T20:12:09.234Z,49544.05,52500.02,50325.58,50334.73,50327.79,50349.66
2021-06-12T20:12:14.952Z,49544.05,52500.02,50325.58,50334.73,50328.33,50349.66
2021-06-12T20:12:20.772Z,49544.05,52500.02,50325.58,50334.73,50328.36,50349.66
2021-06-12T20:12:26.559Z,49544.05,52500.02,50325.58,50334.73,50328.36,50349.66
2021-06-12T20:12:32.288Z,49544.05,52500.02,50330.63,50334.73,50328.42,50349.66
2021-06-12T20:12:38.012Z,49544.05,52500.02,50330.63,50334.73,50328.42,50308.05
2021-06-12T20:12:43.961Z,49544.05,52500.02,50330.63,50334.73,50328.42,50308.05
2021-06-12T20:12:49.758Z,49544.05,52500.02,50330.63,50334.73,50328.46,50308.05
2021-06-12T20:12:55.703Z,49544.05,52500.02,50330.63,50334.73,50329.51,50308.05
2021-06-12T20:13:01.453Z,49544.05,52500.02,50330.63,50334.73,50329.51,50308.05
2021-06-12T20:13:07.180Z,49544.05,52500.02,50330.63,50334.73,50329.55,50308.05
2021-06-12T20:13:13.128Z,49544.05,52500.02,50330.63,50334.73,50330.81,50308.05
2021-06-12T20:13:18.852Z,49544.05,52500.02,50330.63,50334.73,50330.81,50308.05
2021-06-12T20:13:24.699Z,49544.05,52500.02,50330.63,50334.73,50330.81,50308.05
2021-06-12T20:13:30.778Z,49544.05,52500.02,50330.63,50334.73,50329.7,50363.1
2021-06-12T20:13:36.499Z,49544.05,52500.02,50330.63,50334.73,50330.89,50363.1
2021-06-12T20:13:42.226Z,49544.05,52500.02,50330.63,50334.73,50330.89,50363.1
2021-06-12T20:13:48.005Z,49544.05,52500.02,50330.63,50334.73,50330.89,50363.1
2021-06-12T20:13:53.728Z,49544.05,52500.02,50330.63,50334.73,50330.67,50363.1
2021-06-12T20:13:59.449Z,49544.05,52500.02,50330.63,50334.73,50330.67,50363.1
2021-06-12T20:14:05.163Z,49544.05,52500.02,50330.63,50334.73,50331,50363.1
2021-06-12T20:14:12.857Z,49544.05,52500.02,50330.63,50377.08,50334.26,50363.1
2021-06-12T20:14:18.595Z,49544.05,52500.02,50330.63,50377.08,50334.28,50363.1
2021-06-12T20:14:24.391Z,49544.05,52500.02,50330.63,50377.08,50334.28,50363.1
2021-06-12T20:14:30.111Z,49544.05,52500.02,50330.63,50377.08,50334.28,50363.1
2021-06-12T20:14:35.829Z,49544.05,52500.02,50330.63,50377.08,50334.28,50363.1
2021-06-12T20:14:41.546Z,49544.05,52500.02,50330.63,50377.08,50334.36,50350.15
2021-06-12T20:14:47.558Z,49544.05,52500.02,50330.63,50377.08,50334.42,50350.15
2021-06-12T20:14:53.299Z,49544.05,52500.02,50342.37,50377.08,50334.42,50350.15
2021-06-12T20:14:59.023Z,49544.05,52500.02,50342.37,50377.08,50335.88,50350.15
2021-06-12T20:15:04.742Z,49544.05,52500.02,50342.37,50377.08,50335.8,50350.15
2021-06-12T20:15:10.462Z,49544.05,52500.02,50342.37,50377.08,50335.8,50350.15
2021-06-12T20:15:16.179Z,49544.05,52500.02,50342.37,50377.08,50335.8,50350.15
2021-06-12T20:15:21.969Z,49544.05,52500.02,50342.37,50377.08,50339.01,50350.15
2021-06-12T20:15:27.704Z,49544.05,52500.02,50342.37,50377.08,50338.87,50350.15
2021-06-12T20:15:33.427Z,49544.05,52500.02,50342.37,50377.08,50338.71,50350.15
2021-06-12T20:15:39.156Z,49544.05,52500.02,50342.37,50377.08,50338.71,50334.28
2021-06-12T20:15:44.946Z,49544.05,52500.02,50342.37,50377.08,50338.66,50334.28
2021-06-12T20:15:50.664Z,49544.05,52500.02,50342.37,50377.08,50338.66,50334.28
2021-06-12T20:15:56.384Z,49544.05,52500.02,50342.37,50377.08,50342.92,50334.28
2021-06-12T20:16:02.346Z,49544.05,52500.02,50342.37,50377.08,50342.79,50334.28
2021-06-12T20:16:08.071Z,49544.05,52500.02,50342.37,50377.08,50342.79,50334.28
2021-06-12T20:16:13.810Z,49544.05,52500.02,50342.37,50377.08,50343.27,50334.28
2021-06-12T20:16:19.591Z,49544.05,52500.02,50342.37,50377.08,50343.29,50334.28
2021-06-12T20:16:25.391Z,49544.05,52500.02,50342.37,50377.08,50343.27,50334.28
2021-06-12T20:16:33.451Z,49544.05,52500.02,50342.37,50349.3,50343.27,50300.8
2021-06-12T20:16:39.200Z,49544.05,52500.02,50320.76,50349.3,50343.18,50300.8
2021-06-12T20:16:45.217Z,49544.05,52500.02,50320.76,50349.3,50343.1,50300.8
2021-06-12T20:16:50.936Z,49544.05,52500.02,50320.76,50349.3,50343.1,50300.8
2021-06-12T20:16:56.659Z,49544.05,52500.02,50320.76,50349.3,50342.9,50300.8
2021-06-12T20:17:02.381Z,49544.05,52500.02,50320.76,50349.3,50342.63,50300.8
2021-06-12T20:17:08.116Z,49544.05,52500.02,50320.76,50349.3,50342.77,50300.8
2021-06-12T20:17:13.850Z,49544.05,52500.02,50320.76,50349.3,50342.77,50300.8
2021-06-12T20:17:19.566Z,49544.05,52500.02,50320.76,50349.3,50342.77,50300.8
2021-06-12T20:17:25.281Z,49544.05,52500.02,50320.76,50349.3,50342.77,50300.8
2021-06-12T20:17:31.206Z,49544.05,52500.02,50320.76,50349.3,50342.77,50336.27
2021-06-12T20:17:36.932Z,49544.05,52500.02,50320.76,50349.3,50343.6,50336.27
2021-06-12T20:17:42.654Z,49544.05,52500.02,50320.76,50349.3,50344.26,50336.27
2021-06-12T20:17:48.513Z,49544.05,52500.02,50320.76,50349.3,50344.26,50336.27
2021-06-12T20:17:54.238Z,49544.05,52500.02,50320.76,50349.3,50343.41,50336.27
2021-06-12T20:17:59.958Z,49544.05,52500.02,50320.76,50349.3,50343.41,50336.27
2021-06-12T20:18:05.684Z,49544.05,52500.02,50320.76,50349.3,50343.35,50336.27
2021-06-12T20:18:11.409Z,49544.05,52500.02,50320.76,50349.3,50342.94,50336.27
2021-06-12T20:18:17.375Z,49544.05,52500.02,50320.76,50349.3,50342.96,50336.27
2021-06-12T20:18:23.117Z,49544.05,52500.02,50320.76,50349.3,50342.96,50336.27
2021-06-12T20:18:28.835Z,49544.05,52500.02,50320.76,50349.3,50342.96,50362.81
2021-06-12T20:18:34.630Z,49544.05,52500.02,50320.76,50349.3,50343.99,50362.81
2021-06-12T20:18:40.351Z,49544.05,52500.02,50320.76,50349.3,50344,50362.81
2021-06-12T20:18:46.148Z,49544.05,52500.02,50320.76,50349.3,50344,50362.81
2021-06-12T20:18:53.409Z,49544.05,52500.02,50320.76,50345.85,50344.44,50362.81
2021-06-12T20:18:59.144Z,49544.05,52500.02,50372.69,50345.85,50344.44,50362.81
2021-06-12T20:19:05.085Z,49544.05,52500.02,50372.69,50345.85,50344.44,50362.81
2021-06-12T20:19:10.806Z,49544.05,52500.02,50372.69,50345.85,50344.44,50362.81
2021-06-12T20:19:16.592Z,49544.05,52500.02,50372.69,50345.85,50344.44,50362.81
2021-06-12T20:19:22.310Z,49544.05,52500.02,50372.69,50345.85,50339.78,50362.81
2021-06-12T20:19:28.030Z,49544.05,52500.02,50372.69,50345.85,50351.81,50362.81
2021-06-12T20:19:33.830Z,49544.05,52500.02,50372.69,50345.85,50358.3,50351.41
2021-06-12T20:19:39.551Z,49544.05,52500.02,50372.69,50345.85,50358.35,50351.41
2021-06-12T20:19:45.381Z,49544.05,52500.02,50372.69,50345.85,50360.89,50351.41
2021-06-12T20:19:51.123Z,49544.05,52500.02,50372.69,50345.85,50361.27,50351.41
2021-06-12T20:19:56.845Z,49544.05,52500.02,50372.69,50345.85,50361.27,50351.41
2021-06-12T20:20:02.564Z,49544.05,52500.02,50372.69,50345.85,50361.86,50351.41
2021-06-12T20:20:08.294Z,49544.05,52500.02,50372.69,50345.85,50362.17,50351.41
2021-06-12T20:20:14.258Z,49544.05,52500.02,50372.69,50345.85,50362.36,50351.41
2021-06-12T20:20:19.979Z,49544.05,52500.02,50372.69,50345.85,50362.37,50351.41
2021-06-12T20:20:25.739Z,49544.05,52500.02,50372.69,50345.85,50362.37,50351.41
2021-06-12T20:20:31.536Z,49544.05,52500.02,50372.69,50345.85,50363.98,50351.41
2021-06-12T20:20:38.034Z,49544.05,52500.02,50372.69,50345.85,50364.4,50351.41
2021-06-12T20:20:43.828Z,49544.05,52500.02,50373.72,50345.85,50364.62,50376.47
2021-06-12T20:20:49.780Z,49544.05,52500.02,50373.72,50345.85,50364.65,50376.47
2021-06-12T20:20:55.727Z,49544.05,52500.02,50373.72,50345.85,50365.6,50376.47
